{
	"pages": [ //pages数组中第一项表示应用启动页，参考：https://uniapp.dcloud.io/collocation/pages
		{
			"path": "pages/message/index",
			"style" : {
			    "navigationBarTitleText" : "消息",
				"enablePullDownRefresh" : false,
			    "app-plus" : {
			        "bounce" : "none",
			        "titleNView" : {
			            
			            "buttons" : [
			                {
			                    "background" : "rgba(255,255,255,0.2)",
			                    "color" : "#5500ff",
			                    "type" : "none",
			                    "text" : "+    " ,//小相机
								"fontSize": "24px"
			                }
			            ]
			        }
			    }
			}
		},
		
		{
			"path": "pages/contact/index",
			"style": {
				"navigationBarTitleText": "通讯录",
				"navigationBarBackgroundColor" : "#F3F4F7",
				"navigationBarTextStyle" : "black",
				"app-plus" : {
					"titleNView" : true
				}
			}
		},
		{
		    "path" : "pages/newFriend/index",
		    "style" : {
		        "navigationBarTitleText" : "新的朋友",
		    	"enablePullDownRefresh" : false,
		        "app-plus" : {
		            "bounce" : "none",
		            "titleNView" : {
		                
		                "buttons" : [
		                    {
		                        "background" : "rgba(255,255,255,0.2)",
		                        "color" : "#5500ff",
		                        "type" : "none",
		                        "text" : "添加朋友/群组    " ,//小相机
								"fontSize": "14px",
								"width": "auto"
		                    }
		                ]
		            }
		        }
		    }
		},
		{
		    "path" : "pages/myts/index",
		    "style" : {
		        "navigationBarTitleText" : "我的同事",
		    	"enablePullDownRefresh" : false,
		        "app-plus" : {
		            "bounce" : "none",
		            "titleNView" : {
		                
		                "buttons" : [
		                    {
		                        "background" : "rgba(255,255,255,0.2)",
		                        "color" : "#5500ff",
		                        "type" : "none",
		                        "text" : "新建公司   " ,//小相机
								"fontSize": "14px",
								"marginRight":"20px",
								"position":"right:20px",
								"width": "auto"
								
		                    }
		                ]
		            }
		        }
		    }
		},
		{
			"path": "pages/linkman/index",
			"style" : {
			    "navigationBarTitleText" : "手机联系人"
				
			    
			}
		},
		{
			"path": "pages/tag/index",
			"style": {
				"navigationBarTitleText": "标签",
				"navigationBarBackgroundColor" : "#F3F4F7",
				"navigationBarTextStyle" : "black"
			}
		},
		{
			"path": "pages/tag/add",
			"style": {
				"navigationBarTitleText": "新建标签",
				"navigationBarBackgroundColor" : "#F3F4F7",
				"navigationBarTextStyle" : "black"
				
				
			}
		},
		{
			"path": "pages/tag/set",
			"style": {
				"navigationBarTitleText": "设置标签",
				"navigationBarBackgroundColor" : "#F3F4F7",
				"navigationBarTextStyle" : "black"
				
				
			}
		},
		{
			"path": "pages/myts/add",
			"style": {
				"navigationBarTitleText": "新建公司",
				"navigationBarBackgroundColor" : "#F3F4F7",
				"navigationBarTextStyle" : "black"
			}
		},
		{
			"path": "pages/newFriend/add",
			"style": {
				"navigationBarTitleText": "添加朋友/群组",
				"navigationBarBackgroundColor" : "#F3F4F7",
				"navigationBarTextStyle" : "black"
			}
		},
		
		{
			"path": "pages/find/index",
			"style": {
				"navigationBarTitleText": "发现",
				"navigationBarBackgroundColor" : "#F3F4F7",
				"navigationBarTextStyle" : "black"
			}
		},
		{
			"path": "pages/baidu/index",
			"style": {
				"navigationBarTitleText": "百度",
				"navigationBarBackgroundColor" : "#F3F4F7",
				"navigationBarTextStyle" : "black"
			}
		},
		
		{
		    "path" : "pages/my/index",
		    "style" : {
		        "navigationBarTitleText" : "我",
		    	
		        "app-plus" : {
		            "bounce" : "none",
		            "titleNView" : {
		                "type" : "transparent"
		                
		            }
		        }
		    }
		},
		{
			"path": "pages/login/login",
			"style": {
				"navigationBarTitleText": "登录",
				"navigationBarBackgroundColor" : "#ffffff",
				"navigationBarTextStyle":"white",
				"app-plus" : {
					"titleNView" : true
				}	
			}
		},
		{
			"path": "pages/login/register",
			"style": {
				"navigationBarTitleText": "注册",
				"navigationBarBackgroundColor" : "#ffffff",
				"navigationBarTextStyle":"white",
				"app-plus" : {
					"titleNView" : true
				}	
			}
		},
		{
			"path": "pages/login/forget",
			"style": {
				"navigationBarTitleText": "忘记密码",
				"navigationBarBackgroundColor" : "#ffffff",
				"navigationBarTextStyle":"white",
				"app-plus" : {
					"titleNView" : true
				}	
			}
		},
		{
			"path": "pages/chat/privateChat/privateChat",
			"style": {
				"navigationBarTitleText": "uni-app",
				"navigationBarBackgroundColor" : "#F3F4F7"
			
			}			
		},
		{
			"path": "pages/chat/groupChat/groupChat",
			"style": {
				"navigationBarTitleText": "群",
				"navigationBarBackgroundColor" : "#F3F4F7"
				
			}			
		},
		{
			"path": "pages/chat/groupChat/member",
			"style": {
				"navigationBarTitleText": "群成员",
				"navigationBarBackgroundColor" : "#F3F4F7"
			}			
		},
		{
			"path": "pages/chat/groupChat/add",
			"style": {
				"navigationBarTitleText": "邀请成员",
				"navigationBarBackgroundColor" : "#F3F4F7"
			}			
		},
		{
			"path": "pages/HM-search/HM-search",
			"style": {
				"navigationBarTitleText": "搜索",
				"app-plus":{
					"softinputNavBar": "none"
				}
			}
		},
		{
			"path": "pages/shebei/index",
			"style": {
				"navigationBarTitleText": "我的设备",
				"app-plus":{
					"softinputNavBar": "none"
				}
			}
		},
		{
			"path": "pages/black/index",
			"style": {
				"navigationBarTitleText": "黑名单",
				"app-plus":{
					"softinputNavBar": "none"
				}
			}
		},
		
		{
		    "path" : "pages/my/pengyouquan/index",
		    "style" : {
		        "navigationBarTitleText" : "朋友圈",
		    	
		        "app-plus" : {
		            "bounce" : "none",
		            "titleNView" : {
		                "type" : "transparent",
		                "buttons" : [
		                    {
		                        "background" : "rgba(255,255,255,0.2)",
		                        "color" : "#696969",
		                        "type" : "none",
		                        "text" : "\ue608" //小相机
		                    }
		                ]
		            }
		        }
		    }
		},
		{
			"path": "pages/my/pengyouquan/publish",
			"style": {
				"navigationBarTitleText": "发布",
				"navigationBarBackgroundColor" : "#F3F4F7"
				
			}			
		},
		{
			"path": "pages/my/gongzhonghao/index",
			"style": {
				"navigationBarTitleText": "公众号",
				"navigationBarBackgroundColor" : "#F3F4F7"
				
			}			
		},
		{
			"path": "pages/my/shipinquan/index",
			"style": {
				"navigationBarTitleText": "视频圈",
				"navigationBarBackgroundColor" : "#F3F4F7"
				
			}			
		},
		{
		    "path" : "pages/my/qianbao/index",
		    "style" : {
		        "navigationBarTitleText" : "我的钱包",
		    	"app-plus" : {
		            "bounce" : "none",
		            "titleNView" : {
		                "buttons" : [
		                    {
		                        "background" : "rgba(255,255,255,0.2)",
		                        "color" : "#696969",
		                        "type" : "none",
		                        "text" : "\ue608" //小相机
		                    }
		                ]
		            }
		        }
		    }
		},
		
		{
			"path": "pages/my/shoucang/index",
			"style": {
				"navigationBarTitleText": "收藏",
				"navigationBarBackgroundColor" : "#F3F4F7",
				"enablePullDownRefresh": true
			}			
		},
		{
			"path": "pages/my/kejian/index",
			"style": {
				"navigationBarTitleText": "课件",
				"navigationBarBackgroundColor" : "#F3F4F7"
				
			}			
		},
		{
			"path": "pages/my/set/index",
			"style": {
				"navigationBarTitleText": "设置",
				"navigationBarBackgroundColor" : "#F3F4F7"
				
			}			
		},
		{
			"path": "pages/my/info/index",
			"style": {
				"navigationBarTitleText": "基本信息",
				"navigationBarBackgroundColor" : "#F3F4F7"
				
			}			
		},
		{
			"path": "pages/my/erweima/index",
			"style": {
				"navigationBarTitleText": "二维码",
				"navigationBarBackgroundColor" : "#F3F4F7"
				
			}			
		}
		
	],
	"globalStyle": {
			"navigationBarTextStyle": "black",
			"navigationBarTitleText": "uni-app",
			"navigationBarBackgroundColor": "#F8F8F8",
			"backgroundColor": "#F8F8F8",
			"app-plus": {
				"background": "#efeff4"
			}
		},
		"tabBar": {
			"color": "#C0C4CC",
			"selectedColor": "#666",
			"borderStyle": "black",
			"backgroundColor": "#ffffff",
			"list": [{
					"pagePath": "pages/message/index",
					"iconPath": "static/images/chat.png",
					"selectedIconPath": "static/images/chat-active.png",
					"text": "消息"
				},
				{
					"pagePath": "pages/contact/index",
					"iconPath": "static/images/contacts.png",
					"selectedIconPath": "static/images/contacts-active.png",
					"text": "通讯录"
				},
				{
					"pagePath": "pages/find/index",
					"iconPath": "static/images/find.png",
					"selectedIconPath": "static/images/find-active.png",
					"text": "发现"
				},
				{
					"pagePath": "pages/baidu/index",
					"iconPath": "static/images/baidu.png",
					"selectedIconPath": "static/images/baidu-active.png",
					"text": "百度"
				},
				{
					"pagePath": "pages/my/index",
					"iconPath": "static/images/mine.png",
					"selectedIconPath": "static/images/mine-active.png",
					"text": "我的"
				}
			]
		}
	
}
